<?xml version="1.0" encoding="UTF-8"?>
<relacionPreguntas>
<pregunta numeroPregunta="1" pregunta= "Quien fue presidente de los Estados Unidos Mexicanos?" respuesta="3">
    <option>
        <opcion>Fidel Castro</opcion>
        <opcion>George W Bush</opcion>
        <opcion>Vicente Fox</opcion>
        <opcion>Ricardo Lagos</opcion>
        <opcion>Che Guevara</opcion>
    </option>
    <imagen image="fox.jpg">1</imagen>
</pregunta>
<pregunta numeroPregunta="2" pregunta= "Que prefijo metrico le sigue a Zetta" respuesta="4">
    <option>
        <opcion>Exa</opcion>
        <opcion>Peta</opcion>
        <opcion>Femto</opcion>
        <opcion>Yotta</opcion>
        <opcion>Atto</opcion>
    </option>
    <imagen image="metro.jpg">2</imagen>
</pregunta>
<pregunta numeroPregunta="3" pregunta= "Que opcion dice la verdad(solo una opcion dice la verdad)" respuesta="4">
    <option>
        <opcion>La primera es la solucion</opcion>
        <opcion>La tercera es la solucion</opcion>
        <opcion>Todas mienten</opcion>
        <opcion>La segunda miente</opcion>
        <opcion>La primera dice la verdad</opcion>
    </option>
    <imagen image="cubo.png">3</imagen>
</pregunta>
</relacionPreguntas>